{"cnv": 6, "btchSz": 64, "ep": 100, "tr_l": 0.01265301089733839, "val_l": 0.0200229249894619}