{"cnv": 3, "btchSz": 64, "ep": 100, "tr_l": 0.015869809314608574, "val_l": 0.020052067935466766}