{"cnv": 3, "btchSz": 64, "ep": 100, "tr_l": 0.007205752190202475, "val_l": 0.010920495726168156}