{"cnv": 3, "btchSz": 64, "ep": 100, "tr_l": 0.030586421489715576, "val_l": 0.0348665751516819}